StartTimeUtc,EndTimeUtc,DurationMs,Api,Method,StatusCode,Outcome,Url,CorrelationId
"2026-09-09T12:43:30.5121593Z","2026-09-09T12:43:36.0032592Z","5491","localhost","GET","200","OK","https://localhost:7185/api/yearmaster","41f24c49-42bf-4308-be25-8d1c299fb7ca"
"2026-09-09T12:43:39.8252001Z","2026-09-09T12:43:40.3533779Z","528","localhost","GET","200","OK","https://localhost:7185/api/v1/employee/paginated?filterOption=1&Descending=False&Page=1&PageSize=10&Filter={}","9a5f93dd-f3f5-44fd-b4ce-e4c9c8afa5c0"
"2026-09-09T12:43:42.3423029Z","2026-09-09T12:43:42.5414819Z","199","localhost","GET","200","OK","https://localhost:7185/api/v1/division/paged?Descending=False&Page=1&PageSize=10&Filter={}","af0d806a-d208-4cc6-b0c0-786afcad045b"
"2026-09-09T12:43:43.9446454Z","2026-09-09T12:43:44.0968681Z","152","localhost","GET","200","OK","https://localhost:7185/api/v1/profitcentres/paged?Descending=False&Page=1&PageSize=10&Filter={}","96d31ae3-93b1-4621-8db6-706c858e999b"
"2026-09-09T12:43:45.5462072Z","2026-09-09T12:43:50.7374189Z","5191","localhost","GET","200","OK","https://localhost:7186/api/v1/workgroup/paged?Descending=False&Page=1&PageSize=10&Filter={}","ea7af371-6253-4951-b355-529ac602cd03"
"2026-09-09T12:44:09.2122643Z","2026-09-09T12:44:09.3444552Z","132","localhost","GET","200","OK","https://localhost:7185/api/v1/Grade/paged?Descending=False&Page=1&PageSize=10&Filter={}","8bf0e42c-d9b0-4599-9b36-763ec0379532"
"2026-09-10T04:27:35.7268581Z","2026-09-10T04:27:39.6694373Z","3942","localhost","GET","200","OK","https://localhost:7185/api/yearmaster","221685aa-1124-4249-bf01-e7299fe20885"
"2026-09-10T04:27:44.5408045Z","2026-09-10T04:27:45.0606503Z","519","localhost","GET","200","OK","https://localhost:7185/api/v1/employee/paginated?filterOption=1&Descending=False&Page=1&PageSize=10&Filter={}","494083d3-beaf-4527-a3c5-412489c0b451"
"2026-09-10T04:27:47.2785835Z","2026-09-10T04:27:47.4858822Z","207","localhost","GET","200","OK","https://localhost:7185/api/v1/division/paged?Descending=False&Page=1&PageSize=10&Filter={}","1c493230-31a1-4761-949d-b279accce14e"
"2026-09-10T04:27:48.9459915Z","2026-09-10T04:27:49.0832485Z","137","localhost","GET","200","OK","https://localhost:7185/api/v1/profitcentres/paged?Descending=False&Page=1&PageSize=10&Filter={}","8bb20c1f-276a-43f4-b47b-c6d0839ce126"
"2026-09-10T04:27:50.3110054Z","2026-09-10T04:27:54.5313894Z","4220","localhost","GET","200","OK","https://localhost:7186/api/v1/workgroup/paged?Descending=False&Page=1&PageSize=10&Filter={}","139f11ef-3571-4e57-82ea-d20354512fb3"
"2026-09-10T04:28:54.5841372Z","2026-09-10T04:28:58.6627357Z","4078","localhost","GET","200","OK","https://localhost:7188/api/v1/projects/paginated?Descending=False&Page=1&PageSize=10&Filter={}",""
"2026-09-10T04:30:14.9828106Z","2026-09-10T04:30:18.9490917Z","3966","localhost","GET","200","OK","https://localhost:7188/api/v1/projects/paginated?Descending=False&Page=1&PageSize=10&Filter={}",""
"2026-09-10T04:30:55.8264492Z","2026-09-10T04:30:56.0024062Z","175","localhost","GET","200","OK","https://localhost:7188/api/v1/projects/2026%2f001",""
"2026-09-10T04:30:56.0653147Z","2026-09-10T04:30:56.2978656Z","232","localhost","GET","200","OK","https://localhost:7188/api/v1/projects/programs",""
"2026-09-10T04:30:56.3482482Z","2026-09-10T04:30:56.4297859Z","81","localhost","GET","200","OK","https://localhost:7188/api/v1/projects/customers",""
"2026-09-10T04:30:56.4811032Z","2026-09-10T04:30:56.5805376Z","99","localhost","GET","200","OK","https://localhost:7188/api/v1/projects/diseases",""
"2026-09-10T04:30:56.6219049Z","2026-09-10T04:30:56.6944154Z","72","localhost","GET","200","OK","https://localhost:7188/api/v1/projects/staff",""
"2026-09-10T04:32:46.8284663Z","2026-09-10T04:32:46.9221219Z","93","localhost","GET","200","OK","https://localhost:7188/api/v1/yearlydetails/2026%2f001/header",""
"2026-09-10T04:32:46.9775441Z","2026-09-10T04:32:47.0452694Z","67","localhost","GET","200","OK","https://localhost:7188/api/v1/yearlydetails/2026%2f001/years",""
"2026-09-10T04:32:47.3713677Z","2026-09-10T04:32:47.5706131Z","199","localhost","GET","200","OK","https://localhost:7188/api/v1/projectsummary/2026%2f001/years/2026/costsummary",""
"2026-09-10T04:32:47.3641450Z","2026-09-10T04:32:47.5718105Z","207","localhost","GET","200","OK","https://localhost:7188/api/v1/projectsummary/2026%2f001/years/2026/costsummary",""
"2026-09-10T04:32:47.3904585Z","2026-09-10T04:32:47.6802731Z","289","localhost","GET","200","OK","https://localhost:7188/api/v1/yearlydetails/2026%2f001/years/2026/staff?Descending=False&Page=-1&PageSize=10",""
"2026-09-10T04:32:49.1215950Z","2026-09-10T04:32:49.1666938Z","45","localhost","GET","200","OK","https://localhost:7188/api/v1/yearlydetails/2026%2f001/header",""
"2026-09-10T04:32:49.2225055Z","2026-09-10T04:32:49.4870064Z","264","localhost","GET","200","OK","https://localhost:7188/api/v1/projectsummary/2026%2f001/project-costs?Descending=False&Page=1&PageSize=5",""
"2026-09-10T04:32:50.7494520Z","2026-09-10T04:32:50.7855255Z","36","localhost","GET","200","OK","https://localhost:7188/api/v1/yearlydetails/2026%2f001/header",""
"2026-09-10T04:32:50.8355234Z","2026-09-10T04:32:50.9386184Z","103","localhost","GET","200","OK","https://localhost:7188/api/v1/projectsummary/2026%2f001/staff-years?Descending=False&Page=1&PageSize=10",""
"2026-09-10T04:32:51.9120165Z","2026-09-10T04:32:51.9695025Z","57","localhost","GET","200","OK","https://localhost:7188/api/v1/yearlydetails/2026%2f001/header",""
"2026-09-10T04:32:52.0351212Z","2026-09-10T04:32:52.1427234Z","107","localhost","GET","200","OK","https://localhost:7188/api/v1/projectsummary/2026%2f001/staff-effort?Descending=False&Page=1&PageSize=10",""
"2026-09-10T04:32:53.0812453Z","2026-09-10T04:32:53.1222686Z","41","localhost","GET","200","OK","https://localhost:7188/api/v1/yearlydetails/2026%2f001/header",""
"2026-09-10T04:32:53.1667408Z","2026-09-10T04:32:53.2011833Z","34","localhost","GET","200","OK","https://localhost:7188/api/v1/yearlydetails/2026%2f001/years",""
"2026-09-10T04:32:53.2414154Z","2026-09-10T04:32:53.3136745Z","72","localhost","GET","200","OK","https://localhost:7188/api/v1/projectsummary/2026%2f001/years/2026/costsummary",""
"2026-09-10T04:32:53.3628204Z","2026-09-10T04:32:53.5275422Z","164","localhost","GET","200","OK","https://localhost:7188/api/v1/projectsummary/2026%2f001/years/2026/profittotal",""
"2026-09-10T04:32:53.5666293Z","2026-09-10T04:32:53.6226392Z","56","localhost","GET","200","OK","https://localhost:7188/api/v1/projectsummary/2026%2f001/years/2027/costsummary",""
"2026-09-10T04:32:53.6768013Z","2026-09-10T04:32:53.7642380Z","87","localhost","GET","200","OK","https://localhost:7188/api/v1/projectsummary/2026%2f001/years/2027/profittotal",""
"2026-09-10T04:32:53.8111541Z","2026-09-10T04:32:53.8696101Z","58","localhost","GET","200","OK","https://localhost:7188/api/v1/projectsummary/2026%2f001/years/2028/costsummary",""
"2026-09-10T04:32:53.9199946Z","2026-09-10T04:32:54.0299739Z","109","localhost","GET","200","OK","https://localhost:7188/api/v1/projectsummary/2026%2f001/years/2028/profittotal",""
"2026-09-10T04:32:54.0967748Z","2026-09-10T04:32:54.1599510Z","63","localhost","GET","200","OK","https://localhost:7188/api/v1/projectsummary/2026%2f001/years/2029/costsummary",""
"2026-09-10T04:32:54.2072761Z","2026-09-10T04:32:54.3082719Z","100","localhost","GET","200","OK","https://localhost:7188/api/v1/projectsummary/2026%2f001/years/2029/profittotal",""
"2026-09-10T04:32:55.6445520Z","2026-09-10T04:33:00.5100298Z","4865","localhost","GET","200","OK","https://localhost:7188/api/v1/projectsummary/2026%2f001/export-excel",""
"2026-09-10T04:33:26.6749303Z","2026-09-10T04:33:26.7185794Z","43","localhost","GET","200","OK","https://localhost:7188/api/v1/yearlydetails/2026%2f001/header",""
"2026-09-10T04:33:26.7617743Z","2026-09-10T04:33:26.8877701Z","125","localhost","GET","200","OK","https://localhost:7188/api/v1/projectsummary/2026%2f001/staff-effort?Descending=False&Page=1&PageSize=10",""
"2026-09-10T04:33:28.2892332Z","2026-09-10T04:33:28.3262353Z","36","localhost","GET","200","OK","https://localhost:7188/api/v1/yearlydetails/2026%2f001/header",""
"2026-09-10T04:33:28.3666813Z","2026-09-10T04:33:28.4094460Z","42","localhost","GET","200","OK","https://localhost:7188/api/v1/projectsummary/2026%2f001/staff-years?Descending=False&Page=1&PageSize=10",""
"2026-09-10T04:33:29.2232889Z","2026-09-10T04:33:29.2582002Z","34","localhost","GET","200","OK","https://localhost:7188/api/v1/yearlydetails/2026%2f001/header",""
"2026-09-10T04:33:29.2911888Z","2026-09-10T04:33:29.3690257Z","77","localhost","GET","200","OK","https://localhost:7188/api/v1/projectsummary/2026%2f001/project-costs?Descending=False&Page=1&PageSize=5",""
"2026-09-10T04:33:30.3245065Z","2026-09-10T04:33:30.3890937Z","64","localhost","GET","200","OK","https://localhost:7188/api/v1/maintenance/settings",""
"2026-09-10T04:33:30.4373242Z","2026-09-10T04:33:30.5054208Z","68","localhost","GET","200","OK","https://localhost:7188/api/v1/accountgroup",""
